firstName,lastName,emailAddress,password,alternateName,jobTitle
MacKensie,Wolf,leo.cras@outlook.com,rgw89KQF6FU,MacKensie.Wolf,ridiculus mus.
Christen,Blake,nunc.sed@aol.com,gno77POM1MV,Christen.Blake,Nulla
Maisie,Moss,tincidunt@aol.couk,ggq06VGC6MV,Maisie.Moss,"auctor,"
Howard,Anthony,libero.donec@outlook.couk,vof92XCV1LL,Howard.Anthony,dolor egestas
Ronan,Blevins,aliquet.magna@hotmail.edu,vur83OOD7PM,Ronan.Blevins,tellus lorem
Asher,Salazar,eget.mollis@yahoo.org,wku12YXX6EP,Asher.Salazar,"cursus, diam"
Charles,Garcia,eu.erat@hotmail.couk,vcl61BDR8QQ,Charles.Garcia,"enim, gravida"
Trevor,Parsons,duis.dignissim@yahoo.net,ohs30NNH4TT,Trevor.Parsons,"est,"
Mercedes,Pope,mollis.vitae@aol.couk,rup28BMC3AI,Mercedes.Pope,lacus.
Fiona,Valentine,magna@icloud.net,fmt98PGL4LP,Fiona.Valentine,"feugiat nec,"
Petra,Rojas,amet.lorem@hotmail.edu,gzy48TYP3CE,Petra.Rojas,Duis
Britanni,Workman,vitae.diam@yahoo.com,taw45ZEO2PB,Britanni.Workman,dui augue
Quamar,Velasquez,suspendisse.aliquet.molestie@aol.org,xjl07HSI6KO,Quamar.Velasquez,"accumsan sed,"
Nicholas,Mcleod,adipiscing.lobortis@yahoo.edu,nje46MTR6DL,Nicholas.Mcleod,et pede.
Octavius,Clay,egestas.a@aol.couk,fhk95ERZ0QA,Octavius.Clay,"non,"
Henry,Hawkins,lorem.lorem.luctus@google.org,mnl37DYD5LG,Henry.Hawkins,egestas
Anika,Baldwin,cras.dolor@protonmail.com,dov12MQM7QW,Anika.Baldwin,aliquet
Justina,Wyatt,ut.pharetra@protonmail.couk,nqj71ZXY1PT,Justina.Wyatt,"dolor,"
Faith,Peterson,lacus@hotmail.net,ptx41XOZ4BU,Faith.Peterson,eros
Zeph,Knight,suspendisse@protonmail.org,ypv68DJE2SA,Zeph.Knight,Cum sociis
Fletcher,Wheeler,rhoncus.nullam@google.edu,xhs18NJY5LJ,Fletcher.Wheeler,scelerisque neque.
Jade,Harding,at.velit@protonmail.net,rld55KKF7VI,Jade.Harding,turpis. Nulla
Dennis,Walls,commodo.ipsum@icloud.couk,ucu26WTI7ED,Dennis.Walls,lacinia
Yardley,Wilson,lorem.ipsum@icloud.couk,sxn83BUG7NN,Yardley.Wilson,sed dictum
Amir,Moss,pellentesque@icloud.net,gfv71ZHV7HC,Amir.Moss,"amet,"
Connor,Kerr,nunc.ac@protonmail.edu,nps70QJN5WG,Connor.Kerr,"et, rutrum"
Chava,Ortega,auctor.nunc@hotmail.org,mgk38WFP5YJ,Chava.Ortega,ligula consectetuer
Judah,Peck,parturient.montes@icloud.ca,yip54KSL9HC,Judah.Peck,"egestas,"
Indira,Nolan,praesent@google.com,qfj77AVY8RX,Indira.Nolan,tincidunt
Hollee,Byers,velit.eu@yahoo.couk,hlv54TGV2FV,Hollee.Byers,velit
Shaeleigh,Guy,faucibus@protonmail.edu,xgi01RSB3QH,Shaeleigh.Guy,natoque penatibus
Quemby,Eaton,mauris.blandit@icloud.com,vjy59ZEQ6RY,Quemby.Eaton,"ut,"
Damon,Soto,pellentesque.tincidunt@icloud.net,xyu62PUU3NU,Damon.Soto,tellus. Aenean
Tobias,Rivas,sem.vitae@outlook.ca,nli18EMW4DK,Tobias.Rivas,lacus pede
Alan,Sampson,et.libero@icloud.couk,cgw88MUC6IZ,Alan.Sampson,eu
Beck,George,iaculis.odio@protonmail.couk,mys80HMP9NE,Beck.George,Curabitur
Tiger,Levy,nullam.scelerisque@aol.org,tgz57ETV9AH,Tiger.Levy,interdum ligula
Jocelyn,Cantrell,aliquam.adipiscing@aol.org,eym43PKU7OW,Jocelyn.Cantrell,pretium neque.
Ruby,Russell,turpis.in.condimentum@outlook.couk,cii94OEH5JF,Ruby.Russell,aliquet
Aphrodite,Brock,ipsum.curabitur@google.ca,wgp37GLB7DO,Aphrodite.Brock,sed
Claudia,Abbott,sociis.natoque@icloud.ca,cny66XBX0FI,Claudia.Abbott,"varius orci,"
Caleb,Luna,phasellus.ornare.fusce@outlook.net,wfl25SQY5FM,Caleb.Luna,"nulla ante,"
Blythe,Scott,ultrices.posuere@google.edu,qff35PIP5GP,Blythe.Scott,Vivamus
Darius,Hoffman,et@outlook.net,roo97JYV7GT,Darius.Hoffman,aliquet
Alan,Tyler,nascetur.ridiculus@yahoo.ca,frr06YSS3CU,Alan.Tyler,Cras lorem
Kaitlin,Mcfadden,ultricies@yahoo.ca,ece38OSM2TW,Kaitlin.Mcfadden,nunc
Alec,Marquez,iaculis@outlook.ca,lek12UPS2BD,Alec.Marquez,"auctor, nunc"
Wing,Bradley,ac@outlook.edu,vwa64PXF3SQ,Wing.Bradley,tempor
Christopher,Bonner,vulputate@protonmail.org,llp62TYT6GC,Christopher.Bonner,dui.
Malachi,Blanchard,proin.vel@hotmail.ca,yhr01GKC7JP,Malachi.Blanchard,eu
Jolie,Kirby,tortor@yahoo.ca,jku81RUV3NF,Jolie.Kirby,pede.
Evan,Bradford,lobortis.class.aptent@aol.com,qos51UFY8HR,Evan.Bradford,natoque penatibus
Solomon,Jarvis,semper.pretium@protonmail.couk,eoz60VGT3PS,Solomon.Jarvis,ut
Olympia,Rhodes,nisi.a@icloud.ca,mjr43FHY1IH,Olympia.Rhodes,vitae
Jaime,Good,est.ac@protonmail.edu,iqo20VLL5NN,Jaime.Good,massa lobortis
Carly,Murphy,facilisis.magna@yahoo.ca,jhm04TWH8OC,Carly.Murphy,"a, auctor"
Quail,Cohen,lacus@protonmail.ca,url42GGQ4ZB,Quail.Cohen,fringilla euismod
Kalia,Brennan,leo.elementum@aol.ca,qum87UXV0OS,Kalia.Brennan,dapibus
Regan,Bruce,et.magnis@hotmail.couk,mes22WWN3BE,Regan.Bruce,"auctor non,"
Anthony,Church,quisque@hotmail.couk,ahl61BWT7PG,Anthony.Church,"et, commodo"
Noelani,Powell,ligula.aliquam@yahoo.couk,rfw51GZR8KV,Noelani.Powell,vestibulum.
Clementine,Newman,facilisis@yahoo.net,qpk18WBV6OY,Clementine.Newman,nec
Aaron,Dominguez,et.magnis@protonmail.edu,ktt44DJG9SB,Aaron.Dominguez,sociis natoque
Zachery,Caldwell,ut.ipsum@google.ca,qlk43HBD2TW,Zachery.Caldwell,porttitor
Mannix,Harrell,vitae.mauris@icloud.net,nel12BUD0JJ,Mannix.Harrell,"convallis est,"
Neville,Oneal,euismod.urna@aol.org,hrp31XIR8MH,Neville.Oneal,luctus
Melyssa,House,neque.sed.eget@outlook.net,vme32VZH8LT,Melyssa.House,fringilla euismod
Ava,Pollard,a@google.com,lgm50LDD9IF,Ava.Pollard,Donec dignissim
Camilla,Bradford,tempor.lorem@yahoo.net,bub59FAT4XG,Camilla.Bradford,ornare egestas
Quyn,Hester,elit.pellentesque.a@outlook.net,vtr49QUL5CC,Quyn.Hester,mollis
Benjamin,Everett,commodo.at@yahoo.edu,gbc72HJE5LO,Benjamin.Everett,Cras vehicula
Roary,Donovan,erat.eget.ipsum@aol.edu,xfc25CBG3XR,Roary.Donovan,Ut sagittis
Lynn,Lambert,et.netus@aol.edu,vxv28OGN3UW,Lynn.Lambert,parturient
Noelle,Knapp,diam.nunc@outlook.com,zqu91HNN4TK,Noelle.Knapp,semper
Carly,Schneider,magnis.dis.parturient@icloud.ca,fck33IOS8TW,Carly.Schneider,risus.
Brendan,Battle,ut.dolor@outlook.net,utb25DWC2DI,Brendan.Battle,Mauris blandit
Velma,Craig,et.magnis.dis@protonmail.couk,sps78OVX4HK,Velma.Craig,massa
Jared,Cochran,eleifend@yahoo.net,tdj22KAW8RH,Jared.Cochran,tristique senectus
Seth,Bruce,ipsum.donec@icloud.edu,fhp34FRF5EW,Seth.Bruce,sem
Barbara,Wiggins,aliquam.eu.accumsan@aol.com,wro35UGD0IV,Barbara.Wiggins,pede blandit
Adam,Sanders,curae.phasellus.ornare@protonmail.ca,wjz59BGL9MR,Adam.Sanders,ac mi
David,Langley,neque.in.ornare@aol.net,phj70RUM1FW,David.Langley,semper. Nam
Oliver,Vargas,phasellus@hotmail.net,aiy84PIS6NZ,Oliver.Vargas,odio. Phasellus
Moses,Henderson,nam.porttitor.scelerisque@google.couk,qnj52GQN5RS,Moses.Henderson,neque.
Miriam,Bonner,nunc.est.mollis@aol.com,oxu40HZF5FX,Miriam.Bonner,dolor.
Jameson,Navarro,suspendisse.sed@outlook.org,nky87YEU4LK,Jameson.Navarro,purus
Juliet,Doyle,felis.ullamcorper@google.com,ttb42PJE6MX,Juliet.Doyle,placerat. Cras
Jin,Sullivan,sit.amet.consectetuer@yahoo.couk,aer67GUO3YV,Jin.Sullivan,lectus rutrum
Jelani,Valentine,luctus.ut.pellentesque@protonmail.ca,pyl67HSW6VK,Jelani.Valentine,consequat
Kelly,Shepherd,nunc.mauris@google.ca,ebb39VCB5SC,Kelly.Shepherd,feugiat tellus
Amery,Monroe,est.nunc@protonmail.net,bxt91KGO3EW,Amery.Monroe,"vel,"
Jakeem,Knox,primis.in@protonmail.edu,mbt54LNA6EV,Jakeem.Knox,bibendum.
Uriah,Booker,vel.sapien@hotmail.org,zep44QSV6XN,Uriah.Booker,Cras lorem
Damian,Sykes,etiam@protonmail.ca,bnh04HPY6AY,Damian.Sykes,Morbi non
James,Harrison,cras@protonmail.couk,zvb48IQB7VF,James.Harrison,Donec
Grant,Holland,enim@google.org,nmd08DCM0NJ,Grant.Holland,eleifend
Bert,Monroe,lobortis@protonmail.ca,pkx55MMF2NY,Bert.Monroe,mattis. Cras
Yvonne,Casey,vel@aol.couk,xvf48WLI2OB,Yvonne.Casey,massa.
Nicole,Sargent,risus.quis.diam@hotmail.net,wdi61BJM4BY,Nicole.Sargent,"et,"
Marsden,Powers,eu@aol.ca,knm78SJR5UR,Marsden.Powers,consequat
Rose,Hood,a@protonmail.com,cxq61LXH1MO,Rose.Hood,ac orci.
Dalton,Howell,aliquet.magna@outlook.org,grl58YBH7FO,Dalton.Howell,Fusce mi
Lacy,Logan,dui.quis.accumsan@yahoo.couk,xaw54MKL8CO,Lacy.Logan,a
Kyle,Juarez,egestas.ligula.nullam@icloud.couk,ydt31AFV1QG,Kyle.Juarez,neque.
Alexander,Mckay,et@yahoo.com,wqw64ESW4RS,Alexander.Mckay,lorem
Hiram,Rivas,phasellus.fermentum@google.ca,ngl45HEM4QI,Hiram.Rivas,vel nisl.
Micah,Lindsay,ut.aliquam.iaculis@icloud.edu,tqv38FFH4VH,Micah.Lindsay,Sed
Stuart,Buckley,magna.nam.ligula@protonmail.couk,xsx43IRS7FY,Stuart.Buckley,"elit pede,"
Martina,Hampton,amet@aol.org,uga53ONT5IG,Martina.Hampton,"ornare, libero"
Darius,Thompson,consectetuer.adipiscing.elit@google.edu,mqp30IKY2YR,Darius.Thompson,ultrices iaculis
Fulton,Mcfadden,parturient@outlook.couk,cfo25FGR7FH,Fulton.Mcfadden,"ac, feugiat"
Berk,Bray,sociis.natoque@outlook.couk,qrt75PHM4EC,Berk.Bray,litora torquent
Amanda,Moreno,aliquam@protonmail.com,wdv11GJK1NK,Amanda.Moreno,velit justo
Cruz,Cruz,purus.ac@aol.ca,xlj03XAT7MW,Cruz.Cruz,commodo
Shea,Pratt,quam@aol.org,uop26YPT8YG,Shea.Pratt,"ultrices, mauris"
Aileen,Stafford,a.mi@icloud.com,joh55SUL6XU,Aileen.Stafford,tempus mauris
Alexa,Wells,aliquet.sem.ut@yahoo.ca,qnj57TTY2NR,Alexa.Wells,eu
Charde,Dale,ac.nulla@google.couk,yot52CCM2RF,Charde.Dale,dui
Martena,Lee,non@yahoo.couk,ojp73HRX2QN,Martena.Lee,"ante, iaculis"
Ralph,Gallagher,faucibus.orci@icloud.couk,mfl52VNF3VE,Ralph.Gallagher,neque sed
Signe,Osborne,scelerisque@aol.ca,smk28DSR4BU,Signe.Osborne,consectetuer rhoncus.
Shad,Hatfield,ac.risus@yahoo.com,hax63JVR1BL,Shad.Hatfield,magna a
Myles,Garrison,cras.pellentesque@hotmail.edu,cxi10UQH7UA,Myles.Garrison,tellus.
Tashya,Goff,turpis.aliquam@aol.net,xss53IWG9II,Tashya.Goff,eleifend. Cras
Driscoll,Montgomery,lorem.luctus@hotmail.edu,yxw32XUX8PT,Driscoll.Montgomery,neque non
Melodie,Vance,eu@hotmail.couk,nnl71VCE3LI,Melodie.Vance,dis
Brody,Cunningham,vel.est@icloud.couk,esf95UUU7PR,Brody.Cunningham,Phasellus vitae
Tyler,Yang,leo.elementum@hotmail.com,yju31YYO2IS,Tyler.Yang,mauris
Lee,Gentry,dapibus@google.edu,ryq67YUH3HI,Lee.Gentry,"non,"
Frances,Ortega,fringilla.purus.mauris@outlook.com,txs32OOL4CE,Frances.Ortega,Aenean eget
Raya,Acosta,vulputate.mauris@yahoo.ca,plc07CCS5GF,Raya.Acosta,metus. Aliquam
Jenna,Gates,arcu.aliquam@icloud.org,twd34IPH7LO,Jenna.Gates,Maecenas
Lydia,Hamilton,vulputate.dui.nec@outlook.net,amd11OVF2IL,Lydia.Hamilton,Nullam
Sharon,Navarro,cursus.purus@yahoo.edu,pvv22DIZ5MY,Sharon.Navarro,"a,"
Phoebe,Sears,magna.sed.eu@aol.net,cdg10CPC4HH,Phoebe.Sears,Integer sem
Tatiana,Rich,nibh@hotmail.couk,hti62KKS5GZ,Tatiana.Rich,"a, arcu."
Belle,Burris,ante.ipsum.primis@protonmail.ca,vuf57ZFM5VU,Belle.Burris,Praesent
Xavier,Yates,sapien@yahoo.ca,bwo83VYQ1FC,Xavier.Yates,"a, dui."
Zahir,Buck,erat.vitae.risus@hotmail.org,wpr16XXH3OY,Zahir.Buck,"ultrices a,"
Allen,Hammond,nec.tempus@yahoo.org,dkk31WIL7LC,Allen.Hammond,erat neque
Slade,Robbins,ornare.in@aol.org,pcp23LPF2OO,Slade.Robbins,semper
Britanni,Shaw,egestas.fusce@protonmail.net,mis51JQL4XK,Britanni.Shaw,ultricies
MacKenzie,Morris,mauris.molestie.pharetra@hotmail.org,txk71TAD7YX,MacKenzie.Morris,ante
Alfreda,Parrish,mi.lacinia@outlook.org,wux16VDD6RS,Alfreda.Parrish,Maecenas
Roth,Sears,nec.ligula@icloud.org,tlh54VPV4VI,Roth.Sears,arcu.
Alana,Hyde,euismod.est@protonmail.couk,gwj76EIW3QM,Alana.Hyde,augue porttitor
Kevyn,Davis,convallis.est@icloud.org,jwc42RJN7QU,Kevyn.Davis,risus
Cara,Patel,felis.eget@aol.couk,flu57MJQ6RM,Cara.Patel,"Suspendisse aliquet,"
Uriah,Ayers,aliquet.molestie.tellus@google.edu,qjj89TAF8CB,Uriah.Ayers,lobortis quam
Clare,Velez,sagittis@icloud.ca,dsw40POC4PY,Clare.Velez,aliquet
Joshua,Koch,facilisis.vitae@hotmail.net,wka75YXR6IJ,Joshua.Koch,sed
Noel,Mays,erat.sed.nunc@aol.couk,mzb03EPX4WW,Noel.Mays,"magna, malesuada"
Charles,Hopkins,proin.eget@protonmail.net,qsn76XYX2DL,Charles.Hopkins,vulputate
Blake,Frazier,tincidunt.orci.quis@yahoo.edu,yhw44LLO4FN,Blake.Frazier,Sed nec
Clinton,Moon,feugiat.non@aol.couk,dlg56XUD3WN,Clinton.Moon,Aenean eget
Thane,Donovan,feugiat@outlook.edu,igt24MYG1TV,Thane.Donovan,mi
Raya,Poole,non.arcu.vivamus@aol.net,hhx31LIG5RQ,Raya.Poole,nibh. Phasellus
India,Mays,rutrum@outlook.org,pyx74DMZ2XM,India.Mays,ac mattis
Sonia,Alford,venenatis.lacus.etiam@outlook.net,hua44EUW7OO,Sonia.Alford,tristique
Janna,Merritt,aptent.taciti@aol.com,knh31UIQ9GU,Janna.Merritt,"a,"
Julian,Cobb,magna.suspendisse@icloud.couk,uxb52ERA3QI,Julian.Cobb,a
Galvin,Floyd,cum.sociis@protonmail.ca,bwr52ROL5JM,Galvin.Floyd,est tempor
Keefe,Avery,eu.eleifend@google.com,qdq68TXY5NH,Keefe.Avery,convallis
Harrison,Sutton,placerat.cras@hotmail.net,kvb51KHW0BD,Harrison.Sutton,dui. Fusce
MacKensie,Wilkinson,a.ultricies@outlook.couk,ycd79ORG4XK,MacKensie.Wilkinson,ut ipsum
Myles,Gregory,sem.semper.erat@hotmail.org,zkr62GOJ6HB,Myles.Gregory,quis accumsan
Ivan,Sanchez,a.feugiat@icloud.ca,qpu09SPC2QU,Ivan.Sanchez,sed leo.
Martina,Cantu,auctor@aol.couk,eeb77KXO5GO,Martina.Cantu,Phasellus vitae
Gillian,Miller,orci.phasellus@hotmail.com,ybz05XDW6HQ,Gillian.Miller,convallis
Abdul,Mcintyre,malesuada.id.erat@hotmail.org,osg88KYK0TU,Abdul.Mcintyre,Maecenas malesuada
Tamara,Wong,lorem.eget@aol.ca,uxu17XSV7SP,Tamara.Wong,eu lacus.
Adena,Greene,felis.adipiscing.fringilla@outlook.couk,cpe02HJW1BB,Adena.Greene,sed
Kato,Marsh,tempor@protonmail.ca,sue53HBX5SO,Kato.Marsh,ultrices. Duis
Jenna,Sharp,nibh.quisque@yahoo.com,kwa07XHO7GT,Jenna.Sharp,et magnis
Lydia,Patterson,imperdiet.dictum@yahoo.net,bcu40CLS7QY,Lydia.Patterson,tempor augue
Griffin,Holloway,dis.parturient@yahoo.couk,epk75PHT3XV,Griffin.Holloway,"vel, venenatis"
Irene,Mayo,volutpat.nulla@icloud.com,gom81BHC6ZQ,Irene.Mayo,"in,"
Haley,Shaw,mauris.non.dui@icloud.couk,rnv28EFR6QD,Haley.Shaw,metus.
Chandler,Howell,enim.sed.nulla@google.couk,niw04LWM3OV,Chandler.Howell,sed pede
Sylvia,Carey,elit@outlook.ca,agi32TTF5HW,Sylvia.Carey,vehicula
Moses,Fitzpatrick,dapibus@icloud.net,fbf42QAU0HB,Moses.Fitzpatrick,pede. Nunc
Rachel,Porter,odio.a.purus@outlook.ca,oxw76FIH0JM,Rachel.Porter,vel
Baxter,Boyer,lorem.ipsum.sodales@yahoo.edu,ibm65HNL1UW,Baxter.Boyer,molestie
Jena,Pearson,ipsum.leo.elementum@hotmail.ca,ynt66JGZ1AL,Jena.Pearson,Cras
Carter,Sutton,quam.curabitur@yahoo.ca,lvj22EJG1YX,Carter.Sutton,Morbi
Rebecca,Clay,amet@outlook.edu,llm86IZF0HW,Rebecca.Clay,non
Hannah,Mullen,erat.vel@google.org,mgy19VDS5WG,Hannah.Mullen,eu erat
Dane,Jackson,suspendisse@protonmail.com,kxa23PGG9LU,Dane.Jackson,tempus
Castor,Burgess,class.aptent.taciti@outlook.couk,xad52MWM1ND,Castor.Burgess,senectus
Yvette,Olsen,dictum.eleifend@outlook.org,rva23VRB3OE,Yvette.Olsen,iaculis
Madaline,Newman,ultrices.mauris.ipsum@outlook.com,dsy83JRD6VL,Madaline.Newman,nascetur
Amal,Charles,vel@outlook.edu,lfg36SDI3IP,Amal.Charles,Lorem
Beverly,Bradley,pharetra.sed@protonmail.edu,ono83USC6OG,Beverly.Bradley,Integer
Keaton,Alston,non.lacinia@google.couk,sec25OCW1UV,Keaton.Alston,purus
Reece,Berry,interdum@protonmail.couk,pwe57XTE5QH,Reece.Berry,Aenean gravida
Whilemina,Richards,senectus.et@yahoo.org,ncg82SXL2EV,Whilemina.Richards,dignissim
Eve,Goff,nunc.ullamcorper@icloud.com,zmf72JXX7RU,Eve.Goff,Vivamus non
Daphne,Martinez,sit.amet@outlook.com,wlv02HZU4TB,Daphne.Martinez,Cum
Marcia,Bender,fames.ac@protonmail.com,wop12PMR7ES,Marcia.Bender,at pede.
Patience,Berg,orci.quis@hotmail.couk,cue94WUL0LN,Patience.Berg,ac ipsum.
Anne,Neal,a.aliquet@yahoo.edu,fio06LOQ7LT,Anne.Neal,vulputate
Madison,Stone,erat.volutpat.nulla@yahoo.couk,geu55LFC6SA,Madison.Stone,Aliquam erat
Raymond,Conrad,fringilla.purus.mauris@hotmail.org,oxn72HKC8WX,Raymond.Conrad,"elit,"
Lillian,Harvey,ridiculus.mus.aenean@outlook.ca,xyx21NUW5JK,Lillian.Harvey,Proin
Kennedy,Salas,ipsum.nunc@outlook.couk,bua81FKC5VO,Kennedy.Salas,non
Camden,Mann,massa.non@icloud.net,mcw89PXH7WK,Camden.Mann,Ut
Alexander,Wright,molestie.tortor@yahoo.org,scx15JFO4XS,Alexander.Wright,"non, egestas"
Alisa,Mckay,porttitor.scelerisque.neque@icloud.net,fre66PIB1SH,Alisa.Mckay,"urna,"
Molly,Porter,odio.etiam.ligula@aol.org,xnm41QQX3XG,Molly.Porter,amet
Jonas,Franks,sapien.molestie.orci@aol.ca,nox21NPS0JU,Jonas.Franks,sed
Kimberley,Hill,dui@hotmail.edu,jvi25IKB9OW,Kimberley.Hill,eleifend
Regina,Cote,tortor.at.risus@aol.couk,nfr44JKF2MK,Regina.Cote,est.
Macon,Sears,elit.a.feugiat@outlook.edu,ibv43FXX9IT,Macon.Sears,"vehicula et,"
Odette,Craig,primis.in@outlook.net,qoi63JBX4HJ,Odette.Craig,eu
Karen,Butler,vestibulum.lorem.sit@outlook.edu,bod47UNW1KE,Karen.Butler,dui.
Neville,Forbes,diam.lorem@yahoo.com,pik76EQG2UW,Neville.Forbes,eu enim.
Aladdin,Bray,lacinia@yahoo.couk,ads74LUW8OU,Aladdin.Bray,interdum. Nunc
Winifred,Chapman,fermentum.arcu.vestibulum@protonmail.com,wkc51WBS7KL,Winifred.Chapman,luctus sit
Nevada,Cardenas,ante.blandit.viverra@google.couk,jds78PSU0CK,Nevada.Cardenas,"sagittis augue,"
Anthony,Mcclure,risus@icloud.couk,vzq13QOE0DG,Anthony.Mcclure,Nunc ut
Matthew,Douglas,mi.fringilla@protonmail.net,zfj41PML6IL,Matthew.Douglas,mauris
Zenaida,Weber,vestibulum.ante@protonmail.org,uxp41VZT1SM,Zenaida.Weber,velit
Amena,Snyder,commodo@google.com,ivd32DUX2TW,Amena.Snyder,eu tellus
Lance,Wallace,pede.praesent@google.org,bep16CHY5GB,Lance.Wallace,erat nonummy
Amaya,Steele,fames.ac@protonmail.org,pdd46WWD7SY,Amaya.Steele,dolor. Donec
Miriam,Best,mattis.integer.eu@aol.edu,cnl98PKU2WC,Miriam.Best,auctor
Daquan,Atkinson,cursus.nunc@google.couk,vqb24CUT4OL,Daquan.Atkinson,Nunc
Abdul,Barton,fermentum.metus@aol.ca,cql42AXK1ND,Abdul.Barton,at
Adara,Mcgee,risus.quisque.libero@icloud.edu,zwh32VZJ6AP,Adara.Mcgee,Aliquam vulputate
Florence,Leblanc,fringilla.purus@yahoo.com,zzp25QPK5NM,Florence.Leblanc,In
Raymond,Zimmerman,dapibus.ligula@outlook.ca,bdr58YML1CW,Raymond.Zimmerman,lectus ante
Owen,Gillespie,pretium.aliquet@outlook.com,ysj28JMD8XU,Owen.Gillespie,egestas
Flavia,Maldonado,nulla.cras.eu@protonmail.edu,mvm48YFL0OC,Flavia.Maldonado,Pellentesque ut
Scarlett,Henson,euismod@google.org,wut42ESV3TM,Scarlett.Henson,"pellentesque,"
Neville,Sawyer,tincidunt@protonmail.edu,jwv57HWU5IQ,Neville.Sawyer,metus. In
Kameko,Dale,consectetuer.adipiscing.elit@outlook.com,vmg48RUS1SS,Kameko.Dale,et
Danielle,Good,malesuada.ut@aol.com,jxa70DKX1YM,Danielle.Good,"est,"
Halee,Vazquez,eget.volutpat@outlook.com,lwo94SNQ8JW,Halee.Vazquez,semper pretium
Armand,Patton,dictum.placerat.augue@aol.ca,hib86PMY9EH,Armand.Patton,"convallis in,"
Hayes,Bentley,risus.morbi@icloud.couk,ewx67KEF4HY,Hayes.Bentley,eu augue
Clarke,Foley,aliquam@yahoo.org,bpu30TVO5OY,Clarke.Foley,commodo
Angelica,Schwartz,erat.vel@protonmail.net,itp73HMG5WL,Angelica.Schwartz,sem
Keane,Langley,dictum.eleifend@hotmail.edu,usu41WTX4LB,Keane.Langley,quis turpis
Regina,Brewer,tellus@protonmail.ca,jlq45LYX8YM,Regina.Brewer,Curabitur dictum.
Suki,Allison,tincidunt.congue@aol.org,zlw51FKM8SN,Suki.Allison,erat vitae
Dalton,Reynolds,eleifend.nec@aol.com,qeh46VVR0HM,Dalton.Reynolds,"lectus, a"
Asher,Welch,orci.in@yahoo.org,nxl95DBM9WL,Asher.Welch,Curabitur vel
Emily,Henderson,fringilla.ornare@outlook.org,uyb13CNN2SK,Emily.Henderson,Nulla facilisis.
Brendan,Neal,cubilia.curae.donec@yahoo.net,lgj32PTW6WR,Brendan.Neal,nec
Pascale,Cash,iaculis.quis@google.org,cks48FMG3BN,Pascale.Cash,eu tellus.
Joshua,Mayo,nunc@aol.edu,fjh42UYX6IP,Joshua.Mayo,magna. Sed
Hu,Norris,dolor.nulla@aol.edu,mvm51YUK8CO,Hu.Norris,In
Sawyer,Carr,vel.faucibus@google.net,ori17NDF3QQ,Sawyer.Carr,vel quam
Yasir,Chandler,phasellus.in@google.com,xnt81BRM3HR,Yasir.Chandler,per conubia
Wang,Buckley,cras.eu@outlook.ca,lob35KUK8SN,Wang.Buckley,ipsum.
Tad,Emerson,tempor.bibendum@icloud.ca,wdp82FGP3IP,Tad.Emerson,"luctus, ipsum"
Gloria,Pope,ipsum.curabitur@icloud.org,skn82RPD7RF,Gloria.Pope,dui
Christine,Brown,proin.vel.nisl@aol.edu,nns86FCM6QQ,Christine.Brown,ipsum
Imani,Cantu,at@icloud.net,llf66NGG1RB,Imani.Cantu,aliquet magna
Ezekiel,Ferguson,gravida.molestie@yahoo.org,xoa42XMU1HS,Ezekiel.Ferguson,Donec felis
Desiree,Booth,malesuada.ut.sem@hotmail.com,qyr41PUZ6MK,Desiree.Booth,Aliquam
Kevin,Wallace,malesuada.augue@protonmail.org,toh47ROE9WW,Kevin.Wallace,iaculis
Sara,Spencer,orci.quis@icloud.edu,gmu54INQ2HK,Sara.Spencer,magnis dis
Veronica,Norman,arcu@google.ca,opx64EIQ6OK,Veronica.Norman,Quisque fringilla
Avram,Ellison,est.vitae.sodales@protonmail.ca,jvt41FPC2SY,Avram.Ellison,erat. Etiam
Serina,Hamilton,leo@icloud.couk,sme49EQT5KF,Serina.Hamilton,nunc.
Michelle,Workman,malesuada.vel.venenatis@aol.ca,xuq40GMY2HJ,Michelle.Workman,"lorem, luctus"
Kareem,Burnett,nunc@outlook.ca,cnt52CKR8XJ,Kareem.Burnett,non magna.
Doris,Goff,donec@yahoo.edu,kct92ATX5TH,Doris.Goff,"amet,"
Ignacia,Sweet,velit.egestas.lacinia@yahoo.net,pul85SAX5UT,Ignacia.Sweet,Nam ligula
Raphael,Huffman,at@hotmail.couk,ntf44LZJ1KG,Raphael.Huffman,risus
Shannon,Lynn,facilisis.lorem@icloud.couk,rvp27FKG2XQ,Shannon.Lynn,natoque
Dylan,Haley,dis@icloud.net,ifb76MQE3XE,Dylan.Haley,Duis gravida.
Charles,Pugh,risus@aol.ca,bfv38JLV8LP,Charles.Pugh,amet
Lester,Lowery,nulla.aliquet.proin@yahoo.org,ops81EHV5VX,Lester.Lowery,metus.
Nehru,Macias,ante.dictum@protonmail.edu,xpn55USC7RN,Nehru.Macias,nec
Willa,Sparks,ac.libero.nec@icloud.ca,zvs01KRV3AV,Willa.Sparks,risus quis
Olympia,Lindsey,rutrum@yahoo.couk,lnp97QRI4CN,Olympia.Lindsey,vulputate
Brennan,Donovan,velit.eget@icloud.net,sxd14BXW0SQ,Brennan.Donovan,mus.
Mannix,Thornton,enim.mauris.quis@outlook.ca,xix60YZH3KH,Mannix.Thornton,felis ullamcorper
Zorita,Gregory,quis@icloud.com,hsy35WBD9WD,Zorita.Gregory,fringilla euismod
Brittany,Donovan,eu.ligula@aol.com,lme64HHL8SK,Brittany.Donovan,Nulla
Xavier,Larsen,interdum.nunc@yahoo.edu,qcx23WTY0HR,Xavier.Larsen,enim nisl
Alma,Casey,rutrum@protonmail.org,bno67IQJ0PS,Alma.Casey,Donec est
Herman,Bush,lectus.a.sollicitudin@hotmail.ca,efs23XRT6HE,Herman.Bush,ipsum nunc
Geoffrey,Goodman,orci.ut.semper@hotmail.couk,mli42VPH0DB,Geoffrey.Goodman,fermentum arcu.
Martena,Conner,nisl@outlook.ca,xxj52QIA2KE,Martena.Conner,fringilla
Brielle,Gilmore,non.quam@aol.couk,mwa41KET4UI,Brielle.Gilmore,id
Dara,Hubbard,aliquam@google.edu,fkz66NUK1BQ,Dara.Hubbard,pede nec
Claire,Wilson,mauris@aol.couk,rgb75ZTW5KB,Claire.Wilson,velit egestas
Arden,Lee,molestie.dapibus@outlook.net,fxg78JRR3CC,Arden.Lee,eget
Hope,Chavez,odio.phasellus@icloud.couk,dto34QUM4ON,Hope.Chavez,convallis
Meghan,Franco,sit.amet@hotmail.ca,uop08YEP1TV,Meghan.Franco,id
Jade,Williams,suscipit.est.ac@icloud.net,ijd13PWZ5HB,Jade.Williams,enim.
Abbot,Sosa,orci@icloud.couk,tmz75CWJ5YT,Abbot.Sosa,Curae Phasellus
Glenna,Preston,eu.odio@hotmail.net,fhj64DLB4GS,Glenna.Preston,Nullam
Vernon,Morrow,a@icloud.net,nku32FKA1YJ,Vernon.Morrow,"nibh enim,"
Harding,Boyer,mi.duis@hotmail.ca,hqy38EOK4MN,Harding.Boyer,sapien.
Kirsten,Kirk,aliquam.ultrices.iaculis@yahoo.com,skr99PTJ9TO,Kirsten.Kirk,pede
Clayton,Gordon,rhoncus.proin.nisl@google.couk,wio64JQB3GM,Clayton.Gordon,Fusce aliquet
Demetria,Pope,mauris.ut.mi@yahoo.com,kzr09XCC3ZU,Demetria.Pope,Donec felis
Vaughan,Pacheco,ac.mattis@icloud.edu,tgj61EMQ7YP,Vaughan.Pacheco,enim
Odysseus,Sargent,amet.ante@icloud.couk,hwg31PRJ4FA,Odysseus.Sargent,"condimentum eget,"
Leandra,Figueroa,velit.in@outlook.org,egb00OFK7QK,Leandra.Figueroa,mattis velit
Trevor,Levine,donec@aol.org,qpe61KZM0AH,Trevor.Levine,"congue,"
Kessie,Raymond,per.inceptos@yahoo.org,ylo41WSW9VM,Kessie.Raymond,et
Nadine,Rocha,consequat@outlook.org,ypf32KBM1SP,Nadine.Rocha,"semper erat,"
Finn,Jacobs,sem.molestie.sodales@aol.org,zvg52DBA4DB,Finn.Jacobs,"vitae, posuere"
Cleo,Sharpe,justo.sit@yahoo.net,ije46QDD8KI,Cleo.Sharpe,risus.
Brennan,Rodgers,curabitur.consequat@yahoo.ca,nwn77AQW9WI,Brennan.Rodgers,et
Barbara,Crane,augue.ut@hotmail.com,inj64IUR6HF,Barbara.Crane,"lobortis,"
Rafael,Jensen,tempus@icloud.com,bdm48CGU5TY,Rafael.Jensen,Aenean massa.
Quamar,Chandler,lacus.nulla@outlook.edu,esz76EJR3TT,Quamar.Chandler,lobortis
Iliana,Hurst,ligula.aenean.euismod@outlook.net,ihi41FKG0RT,Iliana.Hurst,"a, facilisis"
Ramona,Witt,tincidunt.adipiscing@protonmail.ca,owd43ZMK2DN,Ramona.Witt,Etiam bibendum
Kiayada,Franks,erat.eget@yahoo.net,eyi22VCL8PS,Kiayada.Franks,lacus.
Kenyon,Diaz,ipsum@hotmail.couk,xcd56CXW1DK,Kenyon.Diaz,at
Nasim,Mayer,amet.metus@google.couk,jyy58MXF4NK,Nasim.Mayer,tincidunt
Leigh,Hendrix,vulputate.risus@aol.couk,wge27QDL5QN,Leigh.Hendrix,Fusce
Jordan,Cochran,dolor.sit@google.com,xem73QYU3RY,Jordan.Cochran,Nulla
Kelly,Witt,nulla.facilisi@google.edu,mmz56KYJ7KO,Kelly.Witt,imperdiet
Colin,Decker,mauris.suspendisse@yahoo.org,swq30JDP8AR,Colin.Decker,Maecenas iaculis
Stuart,Case,erat.etiam.vestibulum@icloud.ca,xaj11JOM1OF,Stuart.Case,netus
Robin,Jackson,ornare.fusce@protonmail.net,nea25FBT7HM,Robin.Jackson,"pharetra, felis"
Bell,Rice,mauris.id.sapien@google.net,wsi35CSS2CQ,Bell.Rice,primis in
Vivian,Moran,etiam.imperdiet@yahoo.org,chn51XBF1ZF,Vivian.Moran,nibh. Donec
Zane,Black,donec.nibh@hotmail.org,etf37WWC5HR,Zane.Black,quis diam
Jason,Newton,facilisis.facilisis.magna@google.ca,rlh61MAH2ET,Jason.Newton,"dui,"
Declan,Baxter,interdum.ligula@hotmail.edu,wtl18FPR3DU,Declan.Baxter,"at, iaculis"
Lucas,Gray,donec@google.edu,cpx64FVF3WE,Lucas.Gray,sagittis
Erasmus,Vance,enim.condimentum@icloud.org,lfp78OHI2IM,Erasmus.Vance,orci
Angelica,Mayo,sodales.mauris.blandit@google.couk,nle44BBC8RL,Angelica.Mayo,vestibulum
Wylie,Malone,lorem.eu@aol.com,xaj32ABK7OT,Wylie.Malone,imperdiet
Elvis,Edwards,tellus.faucibus@google.net,jwg47BJD2DI,Elvis.Edwards,"eu,"
Basia,Norris,ligula.aliquam@aol.couk,bcd91XZO6VG,Basia.Norris,"eget,"
Yoshio,Parsons,suspendisse@aol.ca,dhu25RUL7GU,Yoshio.Parsons,eget magna.
Joan,Doyle,augue.ac@icloud.com,eli70FXE2ZR,Joan.Doyle,"elit,"
Fay,Harris,sagittis.augue@protonmail.ca,ufr86FKU8KY,Fay.Harris,et malesuada
Hedy,Solis,sit@outlook.com,bof74XBP5UO,Hedy.Solis,sed sem
Griffin,England,curabitur@google.org,ldq13GDQ0EM,Griffin.England,elit elit
Brennan,Fuller,lectus.cum.sociis@aol.com,yww43YPR2UC,Brennan.Fuller,dignissim magna
Summer,Keller,sed.est.nunc@google.ca,xle41IDT4HI,Summer.Keller,aliquam
Victoria,Bishop,morbi.tristique.senectus@icloud.edu,hcc20BGX1UC,Victoria.Bishop,Donec
Malik,Barrett,vel@protonmail.com,jzu33WOP8HM,Malik.Barrett,tellus faucibus
Sasha,Meyer,auctor.vitae@hotmail.net,nkr17DIC6BD,Sasha.Meyer,ligula. Nullam
Joy,Vazquez,sed.et@protonmail.couk,pic62IFG5KK,Joy.Vazquez,mauris
Boris,Vasquez,massa.rutrum@protonmail.org,ird16WHS7DH,Boris.Vasquez,turpis.
Reagan,Blair,aenean@outlook.org,nzs71WYE0VQ,Reagan.Blair,mi
Quinn,Ayala,elit.dictum@hotmail.ca,lyx73TGI8UK,Quinn.Ayala,molestie
Sybil,Preston,quisque@icloud.couk,pqp86EQW4AH,Sybil.Preston,"dolor quam,"
Brett,Sellers,aliquam@hotmail.couk,lkk16CVO8XT,Brett.Sellers,"imperdiet, erat"
Wendy,Shepard,est@protonmail.ca,cwf57YBQ7NL,Wendy.Shepard,elit. Etiam
Gregory,Brooks,montes.nascetur@icloud.edu,ttp82QCZ8CG,Gregory.Brooks,quis
Yael,Valdez,aliquam.tincidunt@icloud.couk,yyo36AJM8PC,Yael.Valdez,neque
Emily,Santiago,pellentesque@protonmail.ca,vqe77CYP9NM,Emily.Santiago,rutrum
Ocean,Whitehead,orci.ut@google.org,vrj14DKY8ED,Ocean.Whitehead,"malesuada id,"
Olga,Wright,quam.vel@outlook.org,emn40JPE4BX,Olga.Wright,cubilia Curae
Keefe,Cline,malesuada@yahoo.ca,csh04RDV3IQ,Keefe.Cline,consectetuer euismod
Vernon,Green,ac.metus@outlook.org,vfh68EUI5SB,Vernon.Green,Aenean eget
Chaim,Chavez,elit.sed.consequat@outlook.org,emi76CWH5LG,Chaim.Chavez,primis in
Emi,Fuentes,dui.quis.accumsan@icloud.com,evi69VOD6IO,Emi.Fuentes,metus. Aliquam
Coby,Sanford,orci@aol.edu,tgd18VWB3VY,Coby.Sanford,eu lacus.
Stuart,Holland,lectus.rutrum@hotmail.couk,oie17XHC1HM,Stuart.Holland,"Nulla tincidunt,"
Nayda,Mckee,suspendisse.non.leo@outlook.com,gyy23LTU2GL,Nayda.Mckee,diam
Evangeline,Trevino,aliquam.fringilla@aol.edu,dih71NYG7LX,Evangeline.Trevino,pede.
Abra,Durham,sit.amet@yahoo.edu,ses49DLJ8HE,Abra.Durham,"a,"
Zachery,Sweeney,magna.et@hotmail.ca,xkr85FJZ6SR,Zachery.Sweeney,scelerisque mollis.
Selma,Alvarez,sagittis.semper@protonmail.edu,rto25RJD2XF,Selma.Alvarez,"neque tellus,"
Brittany,Knight,duis.mi@icloud.net,ieb87RGU8NH,Brittany.Knight,cursus
John,George,auctor.velit@google.org,igg43FYD9IR,John.George,magna a
Georgia,Edwards,feugiat@outlook.com,mjd20NGN7KG,Georgia.Edwards,dolor. Donec
Imogene,Mooney,eget.metus.eu@aol.couk,icw31KWI3YN,Imogene.Mooney,sem magna
Meredith,Moon,et@google.org,eue21SGT5QH,Meredith.Moon,amet
India,Gilmore,lorem@aol.net,xbx02PJO2VG,India.Gilmore,in consectetuer
Brenda,Delacruz,molestie.in@aol.ca,qiu96PPE9XM,Brenda.Delacruz,neque
Giacomo,Strickland,suspendisse.sed@outlook.edu,ikg41LMR7TF,Giacomo.Strickland,ac
Lunea,Bates,et.magna@aol.net,rxx83UGD1XN,Lunea.Bates,libero.
Shea,Soto,enim.nec@hotmail.org,ftn58VFK1BH,Shea.Soto,vitae sodales
Alexa,Castro,ac.facilisis@outlook.org,ewn27GDD8KD,Alexa.Castro,interdum libero
Germaine,Finch,massa.rutrum@yahoo.couk,edz54ELL7BC,Germaine.Finch,ligula. Aenean
Gregory,Alvarez,nunc.sed@outlook.com,zdj09VMM6PS,Gregory.Alvarez,posuere
Cathleen,Delacruz,dui.quis@aol.com,jsn27KVS8UK,Cathleen.Delacruz,sit
Eugenia,Mcconnell,tincidunt.orci.quis@icloud.org,ilh25EZO0HY,Eugenia.Mcconnell,habitant
Joy,Trujillo,nulla@protonmail.net,svu29LWR3DK,Joy.Trujillo,risus. Morbi
Danielle,Phillips,aliquam@google.com,gjk52HDX7YT,Danielle.Phillips,Quisque fringilla
Jael,Dotson,vel.quam@yahoo.com,spw72LKG5TK,Jael.Dotson,vitae
Yoshio,Boyle,netus@outlook.edu,txj21KMQ0SU,Yoshio.Boyle,Donec
Brennan,Baker,vulputate.dui@outlook.couk,vhb57JRQ5UM,Brennan.Baker,at
Alea,Vincent,in.hendrerit.consectetuer@hotmail.org,ail68NZH9TE,Alea.Vincent,Donec
Flavia,Melton,mi.tempor@hotmail.com,gwj17QBX5CN,Flavia.Melton,molestie.
Seth,Keith,per.conubia.nostra@icloud.couk,knd65VPG0NA,Seth.Keith,auctor
Blaze,Spencer,amet.orci.ut@google.ca,sul62HVB4PH,Blaze.Spencer,ac
Phillip,Hardin,elementum.sem@google.couk,jcb75OHI4PF,Phillip.Hardin,molestie
April,Garcia,purus.duis@icloud.net,omm16TTQ1HE,April.Garcia,penatibus
Drake,Cohen,dolor.quam@aol.edu,nsf85SXE4SK,Drake.Cohen,ante
Juliet,Fulton,luctus.sit@aol.couk,vgx93EFK0LT,Juliet.Fulton,diam
Cailin,Delacruz,mauris.vestibulum@protonmail.com,pgh32XYM9AG,Cailin.Delacruz,magna.
Emery,Sampson,est.mauris.rhoncus@outlook.couk,zxe24DUA6ED,Emery.Sampson,Vivamus nibh
Burke,Wade,tempor.bibendum.donec@icloud.com,bsc14QEJ0BX,Burke.Wade,luctus lobortis.
Stacey,Gibbs,sem.magna@icloud.net,xkw74PJE3IV,Stacey.Gibbs,ac
Madeson,Holcomb,consequat.nec@protonmail.couk,ccj25WDN7OS,Madeson.Holcomb,enim non
Quail,Nicholson,ullamcorper@outlook.ca,dwi13VPW7KB,Quail.Nicholson,Donec
Hiroko,Hardy,pede@protonmail.couk,fwr51EMA7HK,Hiroko.Hardy,nunc
Sawyer,Rush,vel.quam.dignissim@aol.net,leb15GGG8BC,Sawyer.Rush,"vel,"
Jameson,Conrad,sem.vitae.aliquam@hotmail.com,lag05KCV3IJ,Jameson.Conrad,et malesuada
Deacon,Tillman,elit@outlook.net,loo64RBT4WG,Deacon.Tillman,Fusce fermentum
Emma,Bishop,risus.donec@yahoo.edu,sww72TPG8RT,Emma.Bishop,convallis ligula.
Roanna,Leon,phasellus.ornare@yahoo.net,kgv82OVE5MV,Roanna.Leon,facilisis.
Martin,Nicholson,consectetuer.cursus@aol.edu,bsr17DFV6VA,Martin.Nicholson,placerat
Simone,Wong,ante.lectus@aol.couk,vfj51ZFD6XY,Simone.Wong,nascetur ridiculus
Wade,Shelton,nec@google.ca,uur26FSX3WM,Wade.Shelton,Phasellus
Melissa,Hart,felis.eget@google.ca,exf99EOF7VF,Melissa.Hart,dapibus ligula.
Christopher,Mccarty,lorem.vehicula.et@icloud.edu,fif63FBY8XF,Christopher.Mccarty,inceptos
Marshall,Curry,arcu.et@icloud.couk,krq69RTQ2RI,Marshall.Curry,quis turpis
Erich,Sloan,in.ornare@protonmail.com,lql50DSE3ML,Erich.Sloan,laoreet
Tucker,Fuller,nec@protonmail.com,izk06XSC6LY,Tucker.Fuller,nonummy.
Robert,Everett,est.congue.a@aol.net,jge04KYN7QL,Robert.Everett,"scelerisque sed,"
Maxine,Adkins,dignissim.lacus@google.ca,qyg27FRV3DN,Maxine.Adkins,arcu.
Zeus,Mcdowell,dolor.tempus@protonmail.net,twj79FLK6SW,Zeus.Mcdowell,Nullam ut
Meghan,Hinton,tincidunt@google.org,myn69HBQ6GR,Meghan.Hinton,"tristique pellentesque,"
Cheyenne,Ortega,nisl.arcu@google.couk,iqo59UMP4KX,Cheyenne.Ortega,pede
Porter,Fry,tincidunt@google.couk,vsk69BBS8VF,Porter.Fry,est. Nunc
Gabriel,Strong,arcu.vivamus@outlook.edu,lso67TWQ2IK,Gabriel.Strong,molestie tortor
Jaden,Moss,convallis.ante@hotmail.com,tqf08OFL2KE,Jaden.Moss,libero
Raymond,Snow,ornare.fusce@google.edu,rpb59QXS3EU,Raymond.Snow,libero. Integer
Raven,Flowers,justo.faucibus@hotmail.couk,qxw74YKK0AT,Raven.Flowers,"vel, venenatis"
Eric,Shaw,mi.eleifend@protonmail.com,tqy61WNB2WT,Eric.Shaw,turpis.
Brittany,Love,vivamus.nibh.dolor@icloud.ca,wkf08BJU2FX,Brittany.Love,Donec
Chadwick,Parsons,dui.fusce@hotmail.net,tbd00KDW8FB,Chadwick.Parsons,vel
Burke,Gordon,dui.cum@icloud.edu,clz32NTZ7SD,Burke.Gordon,luctus et
Tarik,Cross,amet.consectetuer@google.edu,zmz47FRE6CU,Tarik.Cross,"amet,"
September,Walsh,sed.dui.fusce@protonmail.couk,rhj45SYB1KN,September.Walsh,"auctor ullamcorper,"
Vance,Beck,placerat.velit@icloud.edu,nhx02LCN4RY,Vance.Beck,sem
Hiram,Payne,pede.blandit@outlook.org,ybw53VMS1IS,Hiram.Payne,Duis at
Gwendolyn,Hunt,gravida@google.ca,kuv09LHI3QX,Gwendolyn.Hunt,"mollis vitae,"
Thane,Miller,vulputate.mauris.sagittis@protonmail.couk,qnm79KIL3GE,Thane.Miller,Quisque varius.
Jillian,Mccarthy,adipiscing@protonmail.org,crn34MGG5VK,Jillian.Mccarthy,Integer vitae
Leroy,Joyce,neque.nullam@outlook.com,roe72IKG0UX,Leroy.Joyce,vestibulum. Mauris
Carson,Holman,eu@protonmail.com,cnq18HNL8SB,Carson.Holman,orci lobortis
Colin,Compton,sed@google.org,wmq56SNL9WV,Colin.Compton,scelerisque
Mia,Owens,rhoncus.donec@protonmail.couk,yrs77BSW4MB,Mia.Owens,erat. Etiam
Dolan,Rodgers,tincidunt.aliquam@aol.edu,sxh43BOL8DY,Dolan.Rodgers,tincidunt aliquam
Belle,Houston,ut.nec@protonmail.net,tvr61SQY1YI,Belle.Houston,Nunc lectus
Evangeline,Ramos,est.nunc.ullamcorper@aol.edu,gif87KVY4WS,Evangeline.Ramos,ipsum
Cullen,Sanford,imperdiet@yahoo.couk,sva78CIV2OL,Cullen.Sanford,accumsan
Daryl,Peters,ornare.sagittis.felis@icloud.edu,jeo23UNB4TV,Daryl.Peters,sit
Reuben,Harrington,vehicula@icloud.org,cpl80LFW2CJ,Reuben.Harrington,"Etiam laoreet,"
Grace,Abbott,sem.consequat@yahoo.com,sic49TXH6GR,Grace.Abbott,bibendum
Giselle,Kirkland,morbi.accumsan.laoreet@google.net,chv85LOA5JL,Giselle.Kirkland,non magna.
Nell,Paul,eget.lacus.mauris@icloud.ca,ghp67FXC7JP,Nell.Paul,posuere
Abel,Fox,aenean@aol.org,sza76OTA8QF,Abel.Fox,libero. Morbi
Todd,Hawkins,nulla.integer.urna@outlook.ca,cfn74LXV1YA,Todd.Hawkins,"pellentesque,"
Sierra,Fox,ornare.tortor.at@google.org,qgm79DWK0OT,Sierra.Fox,elit fermentum
Zenaida,Bryan,nisi.sem.semper@hotmail.org,jlo55XEW4SB,Zenaida.Bryan,vitae
Maite,Cote,cubilia@aol.com,ydn11XJV4HN,Maite.Cote,imperdiet
Brett,Blackburn,non.egestas.a@protonmail.edu,nsg45RTL6GJ,Brett.Blackburn,placerat
Fatima,Gilmore,nulla@google.com,gqi64IBS0GK,Fatima.Gilmore,lacinia mattis.
Gay,James,in@outlook.ca,obi06IYH3FO,Gay.James,magna
Velma,Barnett,a.facilisis.non@google.couk,jbz86MKF8ML,Velma.Barnett,hendrerit.
Aaron,Mcconnell,vestibulum.mauris.magna@yahoo.org,kcz58BIS2WU,Aaron.Mcconnell,dictum.
Brennan,Daugherty,eros@icloud.org,nmq94SNB2OE,Brennan.Daugherty,Curabitur
Aline,Kane,at@icloud.ca,jfy84HBP8RG,Aline.Kane,a
Owen,Ochoa,in.cursus.et@outlook.ca,zhg33YZF3MF,Owen.Ochoa,lacinia.
Wendy,Snow,vivamus.rhoncus@yahoo.org,ykb31GGW8GH,Wendy.Snow,lobortis
Lee,Osborn,lorem@hotmail.ca,zhm11TXE9VC,Lee.Osborn,purus
Castor,Cunningham,ipsum@protonmail.com,ldd54HVE8EF,Castor.Cunningham,nunc. Quisque
Zane,Randall,tincidunt@protonmail.com,ael95WMB4KK,Zane.Randall,Sed nec
Rebecca,Potter,gravida.non@google.ca,mrq42EVR8RK,Rebecca.Potter,ac
Zachery,Bowman,libero.morbi@aol.net,wzo38FUK0WG,Zachery.Bowman,"eget, volutpat"
Tatum,Gilliam,sit.amet@protonmail.couk,oyf16TWI6FG,Tatum.Gilliam,a
Brody,Tate,purus@icloud.edu,ylq42KJA8UB,Brody.Tate,erat
Otto,Briggs,mus@hotmail.ca,beo20GQR6DP,Otto.Briggs,pede. Cras
Brady,Kaufman,non.vestibulum@icloud.com,vym84OZK7KM,Brady.Kaufman,ante
Ignacia,Miranda,a@protonmail.ca,vit34DFE5IG,Ignacia.Miranda,pede. Suspendisse
Tamekah,Goodman,tempus.eu@icloud.couk,tko61SVU3ZR,Tamekah.Goodman,eleifend egestas.
Jillian,Pate,nec.cursus.a@icloud.ca,kwd88DPV6AX,Jillian.Pate,ullamcorper.
Tallulah,Klein,in.felis@aol.edu,pno77PGZ7JQ,Tallulah.Klein,egestas nunc
Rahim,Strickland,magna.malesuada@outlook.edu,hjf05YCV4DM,Rahim.Strickland,"mollis dui,"
Tatum,Drake,aliquet@google.org,qwk26RIH7IB,Tatum.Drake,ipsum
Halla,Rollins,non.bibendum.sed@yahoo.com,fui98CRA3SS,Halla.Rollins,at arcu.
Ciaran,Dunn,iaculis@aol.couk,zwx17MQP1QO,Ciaran.Dunn,commodo
Echo,Sanchez,neque.non@google.ca,myj32WMW1WY,Echo.Sanchez,Lorem ipsum
Desiree,Hudson,dignissim.pharetra.nam@google.edu,vxc02OEB9EO,Desiree.Hudson,massa. Vestibulum
Judith,Austin,non.sapien@aol.edu,fnz56FEK2WQ,Judith.Austin,feugiat
Stone,Serrano,eget.metus@outlook.net,hti26TVB7VG,Stone.Serrano,magna. Phasellus
Kalia,Bruce,nec.urna@outlook.couk,ynv86XTM1WY,Kalia.Bruce,Nunc quis
Brynne,Tate,euismod.enim.etiam@aol.net,szm76XBO6NQ,Brynne.Tate,Aliquam ultrices
August,Chandler,sed.dolor.fusce@protonmail.couk,ikx59OBO1GB,August.Chandler,est arcu
Kellie,Holland,mattis.semper.dui@protonmail.net,rrc91GVY5PV,Kellie.Holland,Cras
Summer,Schwartz,felis.nulla@outlook.com,qny24ZSX2KL,Summer.Schwartz,"tortor,"
Myles,Mitchell,convallis.est@icloud.org,twp31PXR3SC,Myles.Mitchell,ante blandit
Debra,Wright,nam.ac@yahoo.couk,pzk21SYN2KI,Debra.Wright,rhoncus. Donec
Charlotte,Evans,ornare.sagittis@icloud.edu,dhm71LCD3GG,Charlotte.Evans,lacinia
Isadora,Bernard,neque.et@aol.net,hou52FVJ8FG,Isadora.Bernard,"ultrices a,"
Charles,Whitney,duis.dignissim.tempor@icloud.ca,bas12UCJ3KE,Charles.Whitney,"amet, risus."
Mira,Sykes,commodo.auctor@aol.net,bvy24QZG8YV,Mira.Sykes,dolor
Adam,Sexton,arcu.vestibulum@protonmail.net,ram84QZA9ZC,Adam.Sexton,"hendrerit consectetuer,"
Wyoming,Juarez,bibendum.ullamcorper@icloud.ca,jni90KIK4IS,Wyoming.Juarez,dictum.
Zorita,Nicholson,diam.duis@icloud.couk,vhp85YTU1US,Zorita.Nicholson,vitae
Pascale,Leach,proin.non@outlook.com,rgk26MNS1GY,Pascale.Leach,"quis,"
